"project","branch","date","author","message"
"ai-chat-assistant","main","Wed Mar 26 01:12:54 2025 -0600","flavioespinoza","update: globals.css"
"ai-chat-assistant","main","Wed Mar 26 00:19:18 2025 -0600","flavioespinoza","chore: disable ESLint during Vercel builds via vercel.json"
"ai-chat-assistant","main","Tue Mar 25 23:44:32 2025 -0600","flavioespinoza","update: Readme todo list"
"ai-chat-assistant","main","Tue Mar 25 23:37:08 2025 -0600","flavioespinoza","fix: replace empty interface with type in Input component to satisfy ESLint rule"
"ai-chat-assistant","main","Mon Mar 24 18:44:55 2025 -0600","flavioespinoza","moved images to Documents"
"ai-chat-assistant","main","Mon Mar 24 00:50:30 2025 -0600","flavioespinoza","Add project analysis files and new images"
"ai-chat-assistant","main","Sun Mar 23 13:21:39 2025 -0600","flavioespinoza","Remove all structure filesRemove all structure files."
"ai-chat-assistant","main","Sun Mar 23 13:12:22 2025 -0600","flavioespinoza","Implement AI Chat Assistant with theme toggle"
"ai-chat-assistant","main","Sun Mar 23 11:23:56 2025 -0600","flavioespinoza","Updated readme."
"ai-chat-assistant","main","Sun Mar 23 11:12:55 2025 -0600","flavioespinoza","first commit"
"ai-llm-data-visualizer","main","Wed Mar 26 01:13:16 2025 -0600","flavioespinoza","update: globals.css"
"ai-llm-data-visualizer","main","Wed Mar 26 00:46:31 2025 -0600","flavioespinoza","fix: wrap useSearchParams in Suspense for /embed route to fix Vercel build"
"ai-llm-data-visualizer","main","Wed Mar 26 00:40:38 2025 -0600","flavioespinoza","remove: Eslint plugin"
"ai-llm-data-visualizer","main","Wed Mar 26 00:28:56 2025 -0600","flavioespinoza","chore: globally disable no-explicit-any to unblock Vercel build"
"ai-llm-data-visualizer","main","Wed Mar 26 00:22:17 2025 -0600","flavioespinoza","fix: Eslint vercel error"
"ai-llm-data-visualizer","main","Wed Mar 26 00:18:54 2025 -0600","flavioespinoza","chore: disable ESLint during Vercel builds via vercel.json"
"ai-llm-data-visualizer","main","Wed Mar 26 00:07:23 2025 -0600","flavioespinoza","fix: No unused imports"
"ai-llm-data-visualizer","main","Wed Mar 26 00:04:00 2025 -0600","flavioespinoza","vscode"
"ai-llm-data-visualizer","main","Wed Mar 26 00:01:32 2025 -0600","flavioespinoza","fix: disable no-explicit-any in embed page to unblock production build"
"ai-llm-data-visualizer","main","Tue Mar 25 23:58:21 2025 -0600","flavioespinoza","fix: disable no-explicit-any rule to unblock Vercel build for LLM visualizer"
"ai-llm-data-visualizer","main","Tue Mar 25 23:50:21 2025 -0600","flavioespinoza","fix: replace empty interface with type in Input component to satisfy ESLint rule"
"ai-llm-data-visualizer","main","Mon Mar 24 03:19:01 2025 -0600","flavioespinoza","update: readme - added 20 example prompts"
"ai-llm-data-visualizer","main","Mon Mar 24 02:22:41 2025 -0600","flavioespinoza","update: README.md"
"ai-llm-data-visualizer","main","Mon Mar 24 02:17:45 2025 -0600","flavioespinoza","Refactor data visualization and API integration"
"ai-llm-data-visualizer","main","Mon Mar 24 01:51:55 2025 -0600","flavioespinoza","fix: Generate Visualization button."
"ai-llm-data-visualizer","main","Mon Mar 24 01:48:09 2025 -0600","flavioespinoza","progress: Working on adding button to app/page.tsx"
"ai-llm-data-visualizer","main","Mon Mar 24 01:33:20 2025 -0600","flavioespinoza","Update project configuration and UI components"
"app-usage-tracker-js","phase-2","Wed Mar 19 09:28:51 2025 -0600","flavioespinoza","test"
"app-usage-tracker-js","phase-2","Wed Mar 19 09:25:37 2025 -0600","flavioespinoza","working"
"app-usage-tracker-js","phase-2","Wed Mar 19 09:19:41 2025 -0600","flavioespinoza","working on the md"
"app-usage-tracker-js","phase-2","Wed Mar 19 08:28:08 2025 -0600","flavioespinoza","fixed json"
"app-usage-tracker-js","phase-2","Wed Mar 19 08:18:47 2025 -0600","flavioespinoza","iteration"
"app-usage-tracker-js","phase-2","Wed Mar 19 07:30:29 2025 -0600","flavioespinoza","giving up on phase-1"
"app-usage-tracker-js","phase-2","Wed Mar 19 07:29:17 2025 -0600","flavioespinoza","stuff"
"app-usage-tracker-js","phase-2","Wed Mar 19 07:12:23 2025 -0600","flavioespinoza","test"
"app-usage-tracker-js","phase-2","Wed Mar 19 07:04:42 2025 -0600","flavioespinoza","session end bug"
"app-usage-tracker-js","phase-2","Wed Mar 19 06:54:38 2025 -0600","flavioespinoza","disco"
"app-usage-tracker-js","phase-2","Wed Mar 19 06:47:22 2025 -0600","flavioespinoza","md report"
"app-usage-tracker-js","phase-2","Wed Mar 19 06:36:35 2025 -0600","flavioespinoza","fix"
"app-usage-tracker-js","phase-2","Wed Mar 19 06:33:25 2025 -0600","flavioespinoza","fix for getCommitInfo"
"app-usage-tracker-js","phase-2","Wed Mar 19 06:19:04 2025 -0600","flavioespinoza","first round of changes"
"app-usage-tracker-js","phase-2","Wed Mar 19 04:54:43 2025 -0600","flavioespinoza","stuff"
"app-usage-tracker-js","phase-2","Wed Mar 19 01:54:35 2025 -0600","flavioespinoza","readme"
"app-usage-tracker-js","phase-2","Wed Mar 19 01:49:03 2025 -0600","flavioespinoza","added scrips n stuff"
"bless-auth","main","Sun Feb 23 09:02:59 2025 -0700","Flavio Espinoza","removed_unused"
"bless-auth","main","Sun Feb 23 08:58:34 2025 -0700","Flavio Espinoza","enter otp and goodbye components refactored."
"bless-auth","main","Sun Feb 23 08:39:26 2025 -0700","Flavio Espinoza","dark_light_mode"
"bless-auth","main","Wed Feb 19 16:56:39 2025 -0700","Flavio Espinoza","title"
"bless-auth","main","Wed Feb 19 16:42:12 2025 -0700","Flavio Espinoza","removed_unused"
"bless-auth","main","Wed Feb 19 16:34:26 2025 -0700","Flavio Espinoza","formatting"
"datedash","main","Sun Mar 30 04:11:22 2025 -0600","flavioespinoza","add: Peackock yellow"
"datedash","main","Sun Mar 30 00:57:54 2025 -0600","flavioespinoza","1.5.7"
"datedash","main","Sun Mar 30 00:57:44 2025 -0600","flavioespinoza","update: Publish script"
"datedash","main","Sun Mar 30 00:55:55 2025 -0600","flavioespinoza","v1.5.6"
"datedash","main","Sun Mar 30 00:55:01 2025 -0600","flavioespinoza","1.5.5"
"datedash","main","Sun Mar 30 00:54:43 2025 -0600","flavioespinoza","update: Package.json scripts for publishing"
"datedash","main","Sun Mar 30 00:50:57 2025 -0600","flavioespinoza","v1.5.4"
"datedash","main","Sun Mar 30 00:47:40 2025 -0600","flavioespinoza","chore: Changed name of NPM module to @flavioespinoza/datedash"
"datedash","main","Sun Mar 30 00:43:46 2025 -0600","flavioespinoza","update: Readme"
"datedash","main","Sun Mar 30 00:35:59 2025 -0600","flavioespinoza","clean: Formatting"
"extension-aux","main","Wed Feb 19 14:33:34 2025 -0700","Flavio Espinoza","Changed getUserAchievementQuiz to use the User model. (#5)"
"extension-aux","main","Wed Feb 19 14:25:52 2025 -0700","Flavio Espinoza","Modified the getUserAchievemntQuiz method to only  return isAchievementQuizCompleted"
"extension-aux","main","Wed Feb 19 14:20:29 2025 -0700","Flavio Espinoza","Modified the getUserAchievemntQuiz method to only  return isAchievementQuizCompleted"
"extension-aux","main","Wed Feb 19 14:11:46 2025 -0700","Flavio Espinoza","Modified the getUserAchievemntQuiz method to only  return isAchievementQuizCompleted"
"extension-aux","main","Wed Feb 19 11:18:07 2025 -0700","Flavio Espinoza","Changed getUserAchievementQuiz to use the User model."
"extension-aux","main","Wed Feb 19 10:17:27 2025 -0700","Flavio Espinoza","Merge pull request #4 from blocklessnetwork/feature/include-quiz-passed-flag"
"extension-aux","main","Tue Feb 18 02:56:05 2025 -0700","Flavio Espinoza","Feature/quiz verification (#1)"
"extension-aux","main","Tue Feb 18 02:46:53 2025 -0700","Flavio Espinoza","updated_quiz_data"
"extension-aux","main","Tue Feb 18 02:44:43 2025 -0700","Flavio Espinoza","removed_chalk"
"extension-aux","main","Mon Feb 17 10:53:22 2025 -0700","Flavio Espinoza","Added server side data validation and recaptcha."
"extension-aux","main","Sun Feb 16 16:32:40 2025 -0700","Flavio Espinoza","Corrected file name mispelling."
"extension-aux","main","Sun Feb 16 16:31:03 2025 -0700","Flavio Espinoza","removed_unused"
"extension-aux","main","Sun Feb 16 16:29:51 2025 -0700","Flavio Espinoza","removed_unused"
"extension-aux","main","Sun Feb 16 16:27:35 2025 -0700","Flavio Espinoza","removed_build_folder"
"extension-aux","main","Sun Feb 16 16:26:55 2025 -0700","Flavio Espinoza","removed_build_folder"
"extension-aux","main","Sun Feb 16 16:23:37 2025 -0700","Flavio Espinoza","Formatting."
"extension-aux","main","Sun Feb 16 15:59:50 2025 -0700","Flavio Espinoza","Specified users collection."
"extension-aux","main","Sun Feb 16 15:57:41 2025 -0700","Flavio Espinoza","merged_main"
"extension-aux","main","Sun Feb 16 15:42:49 2025 -0700","Flavio Espinoza","Updated data model and post function."
"extension-aux","main","Mon Feb 10 13:55:59 2025 -0700","Flavio Espinoza","deleted_unused"
"extension-aux","main","Mon Feb 10 13:55:02 2025 -0700","Flavio Espinoza","removed_question"
"extension-aux","main","Mon Feb 10 13:50:50 2025 -0700","Flavio Espinoza","updated_quiz_model"
"extension-aux","main","Mon Feb 10 13:17:52 2025 -0700","Flavio Espinoza","post"
"extension-gateway","feature/node-apis","Wed Dec 18 10:10:25 2024 -0700","Flavio Espinoza","Fix breaking ci.yml change."
"extension-gateway","feature/node-apis","Wed Dec 18 10:08:03 2024 -0700","Flavio Espinoza","Fix breaking ci.yml change."
"extension-gateway","feature/node-apis","Wed Dec 18 10:03:52 2024 -0700","Flavio Espinoza","Reverted core tests and ci.yml"
"extension-gateway","feature/node-apis","Wed Dec 18 09:26:17 2024 -0700","Flavio Espinoza","Removed starknet and restored package-lock.json"
"extension-gateway","feature/node-apis","Wed Dec 18 09:08:02 2024 -0700","Flavio Espinoza","Updates per Udit."
"extension-gateway","feature/node-apis","Tue Dec 17 09:57:28 2024 -0700","Flavio Espinoza","Reverted packages/server/src/routes/user.ts"
"extension-gateway","feature/node-apis","Tue Dec 17 09:54:30 2024 -0700","Flavio Espinoza","Reverted packages/core/src/gateway.ts"
"extension-gateway","feature/node-apis","Tue Dec 17 09:52:43 2024 -0700","Flavio Espinoza","Reverted packages/core/src/services/nodeUser.ts"
"extension-gateway","feature/node-apis","Tue Dec 17 09:51:14 2024 -0700","Flavio Espinoza","Reverted packages/server/src/index.ts"
"extension-gateway","feature/node-apis","Tue Dec 17 07:28:17 2024 -0700","Flavio Espinoza","Fix breaking change. Changed ubuntu version to 20.04"
"extension-gateway","feature/node-apis","Tue Dec 17 07:07:30 2024 -0700","Flavio Espinoza","Fix breaking change. Update version mongo-memory-server."
"extension-gateway","feature/node-apis","Tue Dec 17 07:01:36 2024 -0700","Flavio Espinoza","Fix breaking change. Update version mongo-memory-server."
"extension-gateway","feature/node-apis","Tue Dec 17 06:57:17 2024 -0700","Flavio Espinoza","Fix breaking change. Update version mongo-memory-server."
"extension-gateway","feature/node-apis","Tue Dec 17 06:50:30 2024 -0700","Flavio Espinoza","Fix breaking change. Update version mongo-memory-server."
"extension-gateway","feature/node-apis","Tue Dec 17 06:45:36 2024 -0700","Flavio Espinoza","Fix breaking change. Update version mongo-memory-server."
"extension-gateway","feature/node-apis","Tue Dec 17 06:43:20 2024 -0700","Flavio Espinoza","Fix breaking change. Update version mongo-memory-server."
"extension-gateway","feature/node-apis","Tue Dec 17 06:34:18 2024 -0700","Flavio Espinoza","Fix breaking change."
"extension-gateway","feature/node-apis","Tue Dec 17 06:32:56 2024 -0700","Flavio Espinoza","Merged origin feature/node-apis"
"extension-gateway","feature/node-apis","Tue Dec 17 06:27:02 2024 -0700","Flavio Espinoza","Merge branch 'feature/node-apis' into feature/node-apis-user-socials"
"extension-gateway","feature/node-apis","Tue Dec 17 06:22:37 2024 -0700","Flavio Espinoza","Fix breaking change."
"extension-gateway","feature/node-apis","Tue Dec 17 06:14:37 2024 -0700","Flavio Espinoza","Fix breaking change."
"extension-gateway","feature/node-apis","Fri Dec 13 11:53:41 2024 -0700","Flavio Espinoza","getUserInfo added"
"extension-gateway","feature/node-apis","Fri Dec 13 08:29:19 2024 -0700","Flavio Espinoza","ignore"
"extension-gateway","feature/node-apis","Fri Dec 13 04:58:19 2024 -0700","Flavio Espinoza","Social verify added."
"extension-gateway","feature/node-apis","Fri Dec 13 02:25:51 2024 -0700","Flavio Espinoza","Rewards data updated isXConnected, isDiscordConnected."
"extension-gateway","feature/node-apis","Tue Dec 10 17:18:54 2024 -0700","Flavio Espinoza","merged"
"extension-gateway","feature/node-apis","Tue Dec 10 17:17:40 2024 -0700","Flavio Espinoza","x-api-key added"
"extension-gateway","feature/node-apis","Thu Dec 5 12:15:50 2024 -0700","Flavio Espinoza","socialConnections defaults added."
"my-portfolio","main","Mon Apr 7 07:11:19 2025 -0600","flavioespinoza","update: all-commits.json"
"my-portfolio","main","Mon Apr 7 06:37:36 2025 -0600","Flavio Espinoza","Colors colors colors colors (#30)"
"my-portfolio","main","Mon Apr 7 06:35:03 2025 -0600","Flavio Espinoza","colors colors colors colors (#29)"
"my-portfolio","main","Mon Apr 7 04:56:34 2025 -0600","Flavio Espinoza","refactor: Server Actions implemented on app/commits/page.tsx and removed app/api/commits/route.ts (#28)"
"my-portfolio","main","Sun Apr 6 09:05:32 2025 -0600","flavioespinoza","update: salsa-ui"
"my-portfolio","main","Sun Apr 6 07:51:26 2025 -0600","flavioespinoza","update: salsa-ui"
"my-portfolio","main","Sat Apr 5 22:16:50 2025 -0600","flavioespinoza","update: Readme todo list"
"my-portfolio","main","Sat Apr 5 12:13:06 2025 -0600","flavioespinoza","update: Readme todo list"
"my-portfolio","main","Sat Apr 5 12:10:01 2025 -0600","flavioespinoza","change: salsa colors"
"my-portfolio","main","Sat Apr 5 11:53:58 2025 -0600","flavioespinoza","update: Readme todo list"
"my-portfolio","main","Sat Apr 5 11:50:23 2025 -0600","Flavio Espinoza","Merge pull request #27 from flavioespinoza/color-scheme-sage-hotpink-cblue"
"my-portfolio","main","Sat Apr 5 11:49:12 2025 -0600","flavioespinoza","clean"
"my-portfolio","main","Sat Apr 5 11:25:58 2025 -0600","flavioespinoza","Add salsa-ui index.css import to layout.tsx to apply Button styles"
"my-portfolio","main","Sat Apr 5 10:42:52 2025 -0600","flavioespinoza","Fix import path for chat subcomponents in chat/page.tsx"
"my-portfolio","main","Sat Apr 5 02:20:55 2025 -0600","flavioespinoza","change: Color scheme - sage, hotppnk, cblue"
"my-portfolio","main","Sat Apr 5 01:04:42 2025 -0600","Flavio Espinoza","Merge pull request #26 from flavioespinoza/checkbox"
"my-portfolio","main","Sat Apr 5 01:04:20 2025 -0600","flavioespinoza","change: Added checkbox from salsa-ui"
"my-portfolio","main","Sat Apr 5 00:41:55 2025 -0600","flavioespinoza","update: Readme todo list"
"my-portfolio","main","Sat Apr 5 00:26:43 2025 -0600","flavioespinoza","fix: Colors for chat bubbles"
"my-portfolio","main","Sat Apr 5 00:15:29 2025 -0600","Flavio Espinoza","Merge pull request #25 from flavioespinoza/chat-return-option"
"my-portfolio","main","Sat Apr 5 00:15:00 2025 -0600","flavioespinoza","fix: Chat bg colors"
"my-portfolio","main","Sat Apr 5 00:00:27 2025 -0600","flavioespinoza","fix: Default button bg-primary and text"
"my-portfolio","main","Fri Apr 4 23:40:49 2025 -0600","flavioespinoza","work-around: Temp fix for theme problem not seeing css unless explicetly added to className for salsa-ui components"
"my-portfolio","main","Fri Apr 4 22:40:27 2025 -0600","Flavio Espinoza","Merge pull request #24 from flavioespinoza/remove-light-dark-theme"
"my-portfolio","main","Fri Apr 4 22:38:43 2025 -0600","flavioespinoza","removed: Unused hooks"
"my-portfolio","main","Fri Apr 4 22:37:26 2025 -0600","flavioespinoza","removed: Dark-light theme toggle from NavBar"
"my-portfolio","main","Fri Apr 4 22:27:24 2025 -0600","flavioespinoza","chore: Correctly show hsl colors in CSS"
"my-portfolio","main","Fri Apr 4 22:16:29 2025 -0600","flavioespinoza","chore: Moved bless dashboard images to single folder"
"my-portfolio","main","Fri Apr 4 18:29:18 2025 -0600","flavioespinoza","update: Readme todo list"
"my-portfolio","main","Fri Apr 4 18:22:31 2025 -0600","flavioespinoza","update: Readme todo list"
"my-portfolio","main","Fri Apr 4 18:17:21 2025 -0600","Flavio Espinoza","refactor: Chat page. Moved chatbox to the bottom of page similar to chatGPT (#23)"
"my-portfolio","main","Fri Apr 4 17:42:08 2025 -0600","flavioespinoza","removed: UI Components"
"my-portfolio","main","Fri Apr 4 17:36:18 2025 -0600","Flavio Espinoza","markdown code block highlighter (#22)"
"my-portfolio","main","Fri Apr 4 13:19:17 2025 -0600","Flavio Espinoza","Merge pull request #21 from flavioespinoza/bless-dashboard-images"
"my-portfolio","main","Fri Apr 4 13:18:40 2025 -0600","flavioespinoza","remove: Zip archive"
"my-portfolio","main","Fri Apr 4 13:17:01 2025 -0600","flavioespinoza","add: Images of my-nodes retired"
"my-portfolio","main","Fri Apr 4 13:09:21 2025 -0600","Flavio Espinoza","add: Added screenshots of bless.network/dashboard (#20)"
"my-portfolio","main","Fri Apr 4 13:08:49 2025 -0600","flavioespinoza","add: Added screenshots of bless.network/dashboard"
"my-portfolio","main","Sun Mar 30 18:30:56 2025 -0600","Flavio Espinoza","feat: improve react-markdown rendering and spacing in chat bubbles (#19)"
"my-portfolio","main","Sun Mar 30 13:39:55 2025 -0600","flavioespinoza","update: Readme todo list"
"my-portfolio","main","Sun Mar 30 13:32:41 2025 -0600","Flavio Espinoza","chat phase 1 (#18)"
"my-portfolio","main","Sun Mar 30 09:28:43 2025 -0600","flavioespinoza","add: Chat route"
"my-portfolio","main","Sun Mar 30 09:26:02 2025 -0600","Flavio Espinoza","feat: add AI chat with Zustand persistence, toast, dark mode, and typing indicator (#17)"
"my-portfolio","main","Sun Mar 30 09:03:44 2025 -0600","flavioespinoza","update: Readme todo list"
"my-portfolio","main","Sun Mar 30 09:01:42 2025 -0600","flavioespinoza","update: Readme todo list"
"my-portfolio","main","Sun Mar 30 08:53:58 2025 -0600","Flavio Espinoza","refactor: changed all local components to Salsa UI components (#16)"
"my-portfolio","main","Sun Mar 30 07:36:57 2025 -0600","Flavio Espinoza","refactor: Contact page forms (#15)"
"my-portfolio","main","Sun Mar 30 07:02:52 2025 -0600","Flavio Espinoza","add: Honeypot protection to contact form (#14)"
"my-portfolio","main","Sun Mar 30 04:41:31 2025 -0600","flavioespinoza","update: Fluid page.tsx"
"my-portfolio","main","Sun Mar 30 03:58:58 2025 -0600","Flavio Espinoza","feat: add fluid-tailwind and fluid button (#13)"
"my-portfolio","main","Sun Mar 30 02:35:20 2025 -0600","flavioespinoza","fix: Reverted fluid-tailwind"
"my-portfolio","main","Sun Mar 30 02:30:34 2025 -0600","flavioespinoza","On main: fluid tailwind"
"my-portfolio","main","Sun Mar 30 02:30:34 2025 -0600","flavioespinoza","index on main: dcb7373 feat: add Calendly booking and email contact form to /contact page (#12)"
"my-portfolio","main","Sun Mar 30 02:30:34 2025 -0600","flavioespinoza","untracked files on main: dcb7373 feat: add Calendly booking and email contact form to /contact page (#12)"
"my-portfolio","main","Sun Mar 30 00:23:20 2025 -0600","Flavio Espinoza","feat: add Calendly booking and email contact form to /contact page (#12)"
"my-portfolio","main","Sat Mar 29 23:59:15 2025 -0600","Flavio Espinoza","feat: Connected Contact Form to Frormspree (#11)"
"my-portfolio","main","Wed Mar 26 17:38:42 2025 -0600","Flavio Espinoza","Merge pull request #10 from flavioespinoza:button-refactor"
"my-portfolio","main","Wed Mar 26 17:36:36 2025 -0600","flavioespinoza","update: Changed button component variant"
"my-portfolio","main","Wed Mar 26 15:44:54 2025 -0600","Flavio Espinoza","Merge pull request #9 from flavioespinoza/fix-navbar-sticky-background"
"my-portfolio","main","Wed Mar 26 15:43:12 2025 -0600","flavioespinoza","fix(navbar): avoid hydration mismatch by delaying theme toggle render until mounted"
"my-portfolio","main","Wed Mar 26 11:05:12 2025 -0600","flavioespinoza","fix: preserve header theme colors on scroll, add subtle border and shadow only"
"my-portfolio","main","Wed Mar 26 01:17:29 2025 -0600","flavioespinoza","update: Readme todo list"
"my-portfolio","main","Wed Mar 26 01:13:37 2025 -0600","flavioespinoza","update: globals.css"
"my-portfolio","main","Wed Mar 26 00:56:08 2025 -0600","flavioespinoza","update: Readme todo list"
"my-portfolio","main","Wed Mar 26 00:41:38 2025 -0600","flavioespinoza","chore: remove unused-imports plugin and simplify ESLint config for Vercel"
"my-portfolio","main","Wed Mar 26 00:29:34 2025 -0600","Flavio Espinoza","Merge pull request #8 from flavioespinoza/fix-projects-ai-llm-data-visualizer"
"my-portfolio","main","Wed Mar 26 00:22:54 2025 -0600","flavioespinoza","fix: embed working URL for LLM Data Visualizer on /projects page"
"my-portfolio","main","Wed Mar 26 00:18:23 2025 -0600","flavioespinoza","chore: disable ESLint during Vercel builds via vercel.json"
"my-portfolio","main","Tue Mar 25 23:46:12 2025 -0600","Flavio Espinoza","Merge pull request #7 from flavioespinoza/fix-projects-ai-chat-assistant"
"my-portfolio","main","Tue Mar 25 23:45:02 2025 -0600","flavioespinoza","fix: update iframe source for AI Chat Assistant project with correct Vercel deploy URL"
"my-portfolio","main","Tue Mar 25 23:27:29 2025 -0600","flavioespinoza","update: Readme todo list"
"my-portfolio","main","Tue Mar 25 23:20:48 2025 -0600","flavioespinoza","update: Readme todo list"
"my-portfolio","main","Tue Mar 25 23:08:49 2025 -0600","flavioespinoza","feat: Add structured resume JSON-LD schema to layout for SEO and AI parsing"
"my-portfolio","main","Tue Mar 25 22:59:09 2025 -0600","flavioespinoza","format: All files"
"my-portfolio","main","Tue Mar 25 22:53:40 2025 -0600","flavioespinoza","add: job-search-todo.md"
"my-portfolio","main","Tue Mar 25 22:38:52 2025 -0600","flavioespinoza","add: job-search-todo.md"
"my-portfolio","main","Tue Mar 25 22:32:14 2025 -0600","flavioespinoza","update: Readme todo list"
"my-portfolio","main","Tue Mar 25 22:30:06 2025 -0600","flavioespinoza","update: Readme todo list"
"my-portfolio","main","Tue Mar 25 22:19:57 2025 -0600","Flavio Espinoza","Merge pull request #6 from flavioespinoza/contact-page"
"my-portfolio","main","Tue Mar 25 22:18:36 2025 -0600","flavioespinoza","chore: Add /contact to global navigation menu"
"my-portfolio","main","Tue Mar 25 22:16:49 2025 -0600","flavioespinoza","feat: Add simple /contact page with email and social links"
"my-portfolio","main","Tue Mar 25 22:15:23 2025 -0600","Flavio Espinoza","Merge pull request #5 from flavioespinoza/expose-all-commits"
"my-portfolio","main","Tue Mar 25 22:13:20 2025 -0600","flavioespinoza","fix: repair broken commits page export due to invalid JSX module"
"my-portfolio","main","Tue Mar 25 22:10:20 2025 -0600","flavioespinoza","feat: Expose all-commits.json via API route for viewing and download"
"my-portfolio","main","Tue Mar 25 22:08:28 2025 -0600","flavioespinoza","update: Readme todo list"
"my-portfolio","main","Tue Mar 25 22:07:15 2025 -0600","Flavio Espinoza","Merge pull request #4 from flavioespinoza/meta-og-favicon"
"my-portfolio","main","Tue Mar 25 22:06:30 2025 -0600","flavioespinoza","chore: Enhance metadata with Open Graph and Twitter card support"
"my-portfolio","main","Tue Mar 25 22:02:44 2025 -0600","flavioespinoza","update: Readme todo list"
"my-portfolio","main","Tue Mar 25 22:00:56 2025 -0600","Flavio Espinoza","Merge pull request #3 from flavioespinoza/vercel-auto-deploy"
"my-portfolio","main","Tue Mar 25 21:58:53 2025 -0600","flavioespinoza","fix: production build errors on Vercel (theme types, eslint)"
"my-portfolio","main","Tue Mar 25 21:54:13 2025 -0600","flavioespinoza","feat: Auto deploy to Vercel when branch main changes"
"my-portfolio","main","Tue Mar 25 21:44:32 2025 -0600","flavioespinoza","update: Readme todo list."
"my-portfolio","main","Tue Mar 25 21:39:04 2025 -0600","Flavio Espinoza","Merge pull request #2 from flavioespinoza/polish-about-page"
"my-portfolio","main","Tue Mar 25 21:37:13 2025 -0600","flavioespinoza","style: Polish /about page layout, spacing, and typography"
"my-portfolio","main","Tue Mar 25 21:31:35 2025 -0600","Flavio Espinoza","Merge pull request #1 from flavioespinoza/theme-support"
"my-portfolio","main","Tue Mar 25 21:31:07 2025 -0600","flavioespinoza","update: Ignore .txt"
"my-portfolio","main","Tue Mar 25 21:29:49 2025 -0600","flavioespinoza","Removed unused and updated ignore."
"my-portfolio","main","Tue Mar 25 21:26:45 2025 -0600","flavioespinoza","feat: Add full theme support with next-themes and Tailwind color tokens"
"my-portfolio","main","Mon Mar 24 22:52:23 2025 -0600","flavioespinoza","update: Readme todos"
"my-portfolio","main","Mon Mar 24 22:49:55 2025 -0600","flavioespinoza","formatting: All files"
"my-portfolio","main","Mon Mar 24 22:48:53 2025 -0600","flavioespinoza","update: Readme"
"my-portfolio","main","Mon Mar 24 22:44:24 2025 -0600","flavioespinoza","update: Added deploy to vercel script to package.json"
"my-portfolio","main","Mon Mar 24 22:41:32 2025 -0600","flavioespinoza","fix: Missing npm packages."
"my-portfolio","main","Mon Mar 24 22:14:48 2025 -0600","flavioespinoza","merge branch: about-page"
"my-portfolio","main","Mon Mar 24 22:14:48 2025 -0600","flavioespinoza","feat: Polish /about page with background, design focus, and availability"
"my-portfolio","main","Mon Mar 24 22:13:22 2025 -0600","flavioespinoza","add: readmet todo list"
"my-portfolio","main","Mon Mar 24 22:09:14 2025 -0600","flavioespinoza","merge branch: contact-page"
"my-portfolio","main","Mon Mar 24 22:09:14 2025 -0600","flavioespinoza","feat: Add /contact page with social links and basic contact form"
"my-portfolio","main","Mon Mar 24 22:07:47 2025 -0600","flavioespinoza","merge branch: components"
"my-portfolio","main","Mon Mar 24 22:07:47 2025 -0600","flavioespinoza","feat: Add responsive sticky navbar with animated mobile dropdown"
"my-portfolio","main","Mon Mar 24 19:11:08 2025 -0600","flavioespinoza","add: Prettier"
"my-portfolio","main","Mon Mar 24 19:04:53 2025 -0600","flavioespinoza","Updated readme."
"my-portfolio","main","Mon Mar 24 19:04:08 2025 -0600","flavioespinoza","merge branch: projects-ui-polish"
"my-portfolio","main","Mon Mar 24 19:04:08 2025 -0600","flavioespinoza","style: Polish /projects page layout and iframe components"
"my-portfolio","main","Mon Mar 24 18:58:02 2025 -0600","flavioespinoza","merge branch: commits-ui-polish"
"my-portfolio","main","Mon Mar 24 18:58:02 2025 -0600","flavioespinoza","style: Polish /commits table UI with borders, padding, and heading styles"
"my-portfolio","main","Mon Mar 24 18:53:27 2025 -0600","flavioespinoza","merge branch: commits-url-search"
"my-portfolio","main","Mon Mar 24 18:53:27 2025 -0600","flavioespinoza","feat: Persist search input in /commits page URL"
"my-portfolio","main","Mon Mar 24 18:50:14 2025 -0600","flavioespinoza","merge branch: commits-url-filters"
"my-portfolio","main","Mon Mar 24 18:50:14 2025 -0600","flavioespinoza","feat: Persist project and groupBy filters in /commits URL state"
"my-portfolio","main","Mon Mar 24 18:46:55 2025 -0600","flavioespinoza","feat: Enhance /commits page with analytics and filtering tools - Add Bar chart with dynamic time grouping (day, week, month, year) - Implement full-text search with real-time match highlighting - Enable CSV export for filtered results using PapaParse - Add dynamic project filter dropdown for commit breakdowns - Integrate dayjs + weekOfYear plugin for accurate date handling"
"my-portfolio","main","Mon Mar 24 18:15:48 2025 -0600","flavioespinoza","first commit"
"my-project","main","Thu Mar 20 23:13:59 2025 -0600","flavioespinoza","Add README.md with usage and Tailwind setup"
"my-ui-components","main","Fri Mar 21 00:35:29 2025 -0600","flavioespinoza","2.0.7"
"my-ui-components","main","Fri Mar 21 00:35:11 2025 -0600","flavioespinoza","fix"
"my-ui-components","main","Fri Mar 21 00:34:43 2025 -0600","flavioespinoza","fix"
"my-ui-components","main","Fri Mar 21 00:32:23 2025 -0600","flavioespinoza","2.0.6"
"my-ui-components","main","Fri Mar 21 00:32:10 2025 -0600","flavioespinoza","fix"
"my-ui-components","main","Fri Mar 21 00:29:41 2025 -0600","flavioespinoza","2.0.5"
"my-ui-components","main","Fri Mar 21 00:29:33 2025 -0600","flavioespinoza","fix"
"my-ui-components","main","Fri Mar 21 00:29:13 2025 -0600","flavioespinoza","fix"
"my-ui-components","main","Fri Mar 21 00:26:11 2025 -0600","flavioespinoza","2.0.4"
"my-ui-components","main","Fri Mar 21 00:26:02 2025 -0600","flavioespinoza","fix"
"my-ui-components","main","Fri Mar 21 00:20:49 2025 -0600","flavioespinoza","2.0.3"
"my-ui-components","main","Fri Mar 21 00:20:40 2025 -0600","flavioespinoza","Prepare for patch release"
"my-ui-components","main","Fri Mar 21 00:03:15 2025 -0600","flavioespinoza","2.0.2"
"my-ui-components","main","Fri Mar 21 00:03:06 2025 -0600","flavioespinoza","fix"
"my-ui-components","main","Thu Mar 20 23:59:13 2025 -0600","flavioespinoza","2.0.1"
"my-ui-components","main","Thu Mar 20 23:59:10 2025 -0600","flavioespinoza","changes"
"my-ui-components","main","Thu Mar 20 23:46:46 2025 -0600","flavioespinoza","1.0.1"
"my-ui-components","main","Thu Mar 20 23:44:43 2025 -0600","flavioespinoza","Add changeset for new release"
"my-ui-components","main","Thu Mar 20 23:42:16 2025 -0600","flavioespinoza","npm changes"
"my-ui-components","main","Thu Mar 20 23:29:10 2025 -0600","flavioespinoza","Setup automated versioning and NPM publishing via changesets"
"my-ui-components","main","Thu Mar 20 23:25:39 2025 -0600","flavioespinoza","ignore"
"my-ui-components","main","Thu Mar 20 23:25:00 2025 -0600","flavioespinoza","Add GitHub Action to auto-publish on main"
"my-ui-components","main","Thu Mar 20 23:18:55 2025 -0600","flavioespinoza","ignore"
"run-dashboard","main","Thu Feb 27 09:46:38 2025 -0700","Flavio Espinoza","pull"
"run-dashboard","main","Thu Feb 27 09:45:59 2025 -0700","Flavio Espinoza","setSubmitted false if there is no captchaToken"
"run-dashboard","main","Tue Feb 25 14:06:05 2025 -0700","Flavio Espinoza","Update quizData.ts"
"run-dashboard","main","Thu Feb 20 09:48:24 2025 -0700","Flavio Espinoza","Merge pull request #55 from blocklessnetwork/achievement-quiz"
"run-dashboard","main","Wed Feb 19 11:19:08 2025 -0700","Flavio Espinoza","Changed  isPassed to isAchievementQuizCompleted"
"run-dashboard","main","Wed Feb 19 10:32:09 2025 -0700","Flavio Espinoza","merged_main"
"run-dashboard","main","Wed Feb 19 10:30:50 2025 -0700","Flavio Espinoza","log"
"run-dashboard","main","Wed Feb 19 09:51:03 2025 -0700","Flavio Espinoza","removed_logs"
"run-dashboard","main","Tue Feb 18 13:59:31 2025 -0700","Flavio Espinoza","Merge pull request #54 from blocklessnetwork/achievement-quiz"
"run-dashboard","main","Tue Feb 18 04:57:24 2025 -0700","Flavio Espinoza","fixed_checkbox"
"run-dashboard","main","Tue Feb 18 04:43:42 2025 -0700","Flavio Espinoza","fixed_theme_on_modal"
"run-dashboard","main","Tue Feb 18 04:32:12 2025 -0700","Flavio Espinoza","fixed_theme_on_modal"
"run-dashboard","main","Mon Feb 17 11:26:06 2025 -0700","Flavio Espinoza","Merge pull request #53 from blocklessnetwork/achievement-quiz"
"run-dashboard","main","Mon Feb 17 11:24:58 2025 -0700","Flavio Espinoza","ready_for_review"
"run-dashboard","main","Mon Feb 17 11:22:51 2025 -0700","Flavio Espinoza","changes_per_butain"
"run-dashboard","main","Mon Feb 17 11:03:03 2025 -0700","Flavio Espinoza","Merge pull request #52 from blocklessnetwork/achievement-quiz"
"run-dashboard","main","Mon Feb 17 11:01:56 2025 -0700","Flavio Espinoza","ready_for_review"
"run-dashboard","main","Mon Feb 17 10:53:43 2025 -0700","Flavio Espinoza","recaptcha_token"
"run-dashboard","main","Sun Feb 16 16:44:00 2025 -0700","Flavio Espinoza","formatting"
"run-dashboard","main","Sun Feb 16 16:11:08 2025 -0700","Flavio Espinoza","Formatting."
"run-dashboard","main","Sun Feb 16 15:32:36 2025 -0700","Flavio Espinoza","connected_to_aux_server"
"run-dashboard","main","Tue Feb 11 18:41:50 2025 -0700","Flavio Espinoza","Merge pull request #50 from blocklessnetwork/feature/form-achievement"
"run-dashboard","main","Tue Feb 11 18:33:50 2025 -0700","Flavio Espinoza","vercel_error_fix"
"run-dashboard","main","Tue Feb 11 18:15:08 2025 -0700","Flavio Espinoza","Merge pull request #49 from blocklessnetwork/feature/form-achievement"
"run-dashboard","main","Tue Feb 11 18:12:38 2025 -0700","Flavio Espinoza","vercel_error_fix"
"run-dashboard","main","Tue Feb 11 18:08:25 2025 -0700","Flavio Espinoza","Merge pull request #48 from blocklessnetwork/feature/form-achievement"
"run-dashboard","main","Tue Feb 11 18:07:11 2025 -0700","Flavio Espinoza","vercel_error_fix"
"run-dashboard","main","Tue Feb 11 17:29:02 2025 -0700","Flavio Espinoza","Merge pull request #47 from blocklessnetwork/feature/form-achievement"
"run-dashboard","main","Tue Feb 11 17:27:55 2025 -0700","Flavio Espinoza","chnges per Butain"
"run-dashboard","main","Mon Feb 10 13:20:18 2025 -0700","Flavio Espinoza","handleSubmit"
"run-dashboard","main","Mon Feb 10 11:51:55 2025 -0700","Flavio Espinoza","Merge pull request #46 from blocklessnetwork/feature/form-achievement"
"run-dashboard","main","Mon Feb 10 11:42:04 2025 -0700","Flavio Espinoza","handleSubmit"
"run-dashboard","main","Mon Feb 10 09:56:17 2025 -0700","Flavio Espinoza","Merge pull request #44 from blocklessnetwork/feature/form-achievement"
"run-dashboard","main","Sat Feb 8 05:37:06 2025 -0700","Flavio Espinoza","reverted_ts_config"
"run-dashboard","main","Sat Feb 8 05:26:21 2025 -0700","Flavio Espinoza","removed_unused"
"run-dashboard","main","Sat Feb 8 05:24:21 2025 -0700","Flavio Espinoza","ready_for_review"
"run-dashboard","main","Fri Feb 7 19:56:06 2025 -0700","Flavio Espinoza","recapcha"
"run-dashboard","main","Fri Feb 7 05:05:43 2025 -0700","Flavio Espinoza","Updated failed message."
"run-dashboard","main","Fri Feb 7 05:00:56 2025 -0700","Flavio Espinoza","fix_vercel_error"
"run-dashboard","main","Fri Feb 7 04:58:13 2025 -0700","Flavio Espinoza","Updated user flow for quiz passed and quiz failed."
"run-dashboard","main","Thu Feb 6 01:43:19 2025 -0700","Flavio Espinoza","Added title between quiz and survey."
"run-dashboard","main","Thu Feb 6 01:38:24 2025 -0700","Flavio Espinoza","quiz_highlights"
"run-dashboard","main","Wed Feb 5 12:34:26 2025 -0700","Flavio Espinoza","Quiz and Survey questions + validation."
"run-dashboard","main","Mon Jan 27 08:27:00 2025 -0700","Flavio Espinoza","Added survey achievement."
"run-dashboard","main","Mon Jan 27 07:23:56 2025 -0700","Flavio Espinoza","modal"
"run-dashboard","main","Mon Jan 27 06:45:40 2025 -0700","Flavio Espinoza","simple_form"
"run-dashboard","main","Wed Jan 22 10:08:38 2025 -0700","Flavio Espinoza","Merge pull request #37 from blocklessnetwork/feature/das-3-feat-discord-connection-achievement"
"run-dashboard","main","Wed Jan 22 10:07:06 2025 -0700","Flavio Espinoza","Merge pull request #41 from blocklessnetwork/feature/das-6-feat-refactor-x-and-discord-connect"
"run-dashboard","main","Wed Jan 22 09:56:12 2025 -0700","Flavio Espinoza","merged_main"
"run-dashboard","main","Thu Jan 16 10:17:39 2025 -0700","Flavio Espinoza","Merge pull request #38 from blocklessnetwork/feature/das-6-feat-refactor-x-and-discord-connect"
"run-dashboard","main","Thu Jan 16 09:58:05 2025 -0700","Flavio Espinoza","Fixed X invite url."
"run-dashboard","main","Thu Jan 16 08:16:48 2025 -0700","Flavio Espinoza","Merge pull request #36 from blocklessnetwork/feature/das-6-feat-refactor-x-and-discord-connect"
"run-dashboard","main","Thu Jan 16 08:15:35 2025 -0700","Flavio Espinoza","Removed unused npm modules."
"run-dashboard","main","Thu Jan 16 08:11:58 2025 -0700","Flavio Espinoza","Removed unused npm modules."
"run-dashboard","main","Thu Jan 16 08:10:22 2025 -0700","Flavio Espinoza","Refactor of follow buttons."
"run-dashboard","main","Wed Jan 15 10:32:53 2025 -0700","Flavio Espinoza","New branch"
"run-dashboard","main","Mon Dec 23 13:18:42 2024 -0700","Flavio Espinoza","Merge pull request #32 from blocklessnetwork/feature/das-3-feat-discord-connection-achievement"
"run-dashboard","main","Mon Dec 23 13:17:39 2024 -0700","Flavio Espinoza","Fixed X limit error console.log"
"run-dashboard","main","Fri Dec 20 12:07:33 2024 -0700","Flavio Espinoza","Merge pull request #31 from blocklessnetwork/feature/das-3-feat-discord-connection-achievement"
"run-dashboard","main","Fri Dec 20 12:06:34 2024 -0700","Flavio Espinoza","Discord guild data error."
"run-dashboard","main","Fri Dec 20 12:04:17 2024 -0700","Flavio Espinoza","Moved rate_limited to top of catch block."
"run-dashboard","main","Fri Dec 20 11:59:16 2024 -0700","Flavio Espinoza","Merge pull request #30 from blocklessnetwork/feature/das-3-feat-discord-connection-achievement"
"run-dashboard","main","Fri Dec 20 11:58:25 2024 -0700","Flavio Espinoza","Discord guild data error."
"run-dashboard","main","Fri Dec 20 11:50:28 2024 -0700","Flavio Espinoza","Merge pull request #29 from blocklessnetwork/feature/das-3-feat-discord-connection-achievement"
"run-dashboard","main","Fri Dec 20 11:47:12 2024 -0700","Flavio Espinoza","Discord guild data error."
"run-dashboard","main","Fri Dec 20 11:07:47 2024 -0700","Flavio Espinoza","Merge pull request #28 from blocklessnetwork/feature/das-3-feat-discord-connection-achievement"
"run-dashboard","main","Fri Dec 20 11:06:51 2024 -0700","Flavio Espinoza","Rate limited error message 15 min."
"run-dashboard","main","Fri Dec 20 10:43:41 2024 -0700","Flavio Espinoza","Merge pull request #27 from blocklessnetwork/feature/das-3-feat-discord-connection-achievement"
"run-dashboard","main","Fri Dec 20 10:42:31 2024 -0700","Flavio Espinoza","Rate limited error message 15 min."
"run-dashboard","main","Fri Dec 20 10:35:39 2024 -0700","Flavio Espinoza","Merge pull request #26 from blocklessnetwork/feature/das-3-feat-discord-connection-achievement"
"run-dashboard","main","Fri Dec 20 10:33:44 2024 -0700","Flavio Espinoza","Rate limited error message."
"run-dashboard","main","Thu Dec 19 14:20:32 2024 -0700","Flavio Espinoza","Merge pull request #25 from blocklessnetwork/feature/das-3-feat-discord-connection-achievement"
"run-dashboard","main","Thu Dec 19 14:19:38 2024 -0700","Flavio Espinoza","Added error return for X api errors."
"run-dashboard","main","Thu Dec 19 14:11:04 2024 -0700","Flavio Espinoza","Merge pull request #24 from blocklessnetwork/feature/das-3-feat-discord-connection-achievement"
"run-dashboard","main","Thu Dec 19 14:10:13 2024 -0700","Flavio Espinoza","Added error return for X api errors."
"run-dashboard","main","Thu Dec 19 14:08:53 2024 -0700","Flavio Espinoza","Merge pull request #23 from blocklessnetwork/feature/das-3-feat-discord-connection-achievement"
"run-dashboard","main","Thu Dec 19 14:08:01 2024 -0700","Flavio Espinoza","Added error return for X api errors."
"run-dashboard","main","Thu Dec 19 14:00:17 2024 -0700","Flavio Espinoza","Merge pull request #22 from blocklessnetwork/feature/das-3-feat-discord-connection-achievement"
"run-dashboard","main","Thu Dec 19 13:59:24 2024 -0700","Flavio Espinoza","Added error return for X api errors."
"run-dashboard","main","Thu Dec 19 13:58:07 2024 -0700","Flavio Espinoza","Merge pull request #21 from blocklessnetwork/feature/das-3-feat-discord-connection-achievement"
"run-dashboard","main","Thu Dec 19 13:56:37 2024 -0700","Flavio Espinoza","Added error return for X api errors."
"run-dashboard","main","Thu Dec 19 13:39:35 2024 -0700","Flavio Espinoza","Merge pull request #20 from blocklessnetwork/feature/das-3-feat-discord-connection-achievement"
"run-dashboard","main","Thu Dec 19 13:38:26 2024 -0700","Flavio Espinoza","Added error return for X api errors."
"run-dashboard","main","Thu Dec 19 13:27:18 2024 -0700","Flavio Espinoza","Merge pull request #19 from blocklessnetwork/feature/das-3-feat-discord-connection-achievement"
"run-dashboard","main","Thu Dec 19 13:26:25 2024 -0700","Flavio Espinoza","Added error return for X api errors."
"run-dashboard","main","Thu Dec 19 13:24:53 2024 -0700","Flavio Espinoza","Added error return for X api errors."
"run-dashboard","main","Thu Dec 19 13:23:01 2024 -0700","Flavio Espinoza","Added error return for X api errors."
"run-dashboard","main","Thu Dec 19 13:06:48 2024 -0700","Flavio Espinoza","Merge pull request #18 from blocklessnetwork/feature/das-3-feat-discord-connection-achievement"
"run-dashboard","main","Thu Dec 19 13:05:51 2024 -0700","Flavio Espinoza","removed X auth  revoke token."
"run-dashboard","main","Thu Dec 19 10:40:18 2024 -0700","Flavio Espinoza","Merge pull request #11 from blocklessnetwork/feature/das-3-feat-discord-connection-achievement"
"run-dashboard","main","Thu Dec 19 10:10:23 2024 -0700","Flavio Espinoza","Added message to Failed to Login error message."
"run-dashboard","main","Wed Dec 18 11:31:14 2024 -0700","Flavio Espinoza","toast_duration_4000"
"run-dashboard","main","Wed Dec 18 11:29:17 2024 -0700","Flavio Espinoza","removed_unused_import"
"run-dashboard","main","Wed Dec 18 10:42:51 2024 -0700","Flavio Espinoza","x"
"run-dashboard","main","Tue Dec 17 16:15:21 2024 -0700","Flavio Espinoza","formatting"
"run-dashboard","main","Tue Dec 17 16:04:59 2024 -0700","Flavio Espinoza","removed_script"
"run-dashboard","main","Tue Dec 17 16:04:08 2024 -0700","Flavio Espinoza","removed_twitter_html"
"run-dashboard","main","Tue Dec 17 13:34:10 2024 -0700","Flavio Espinoza","fix_vercel_errpr"
"run-dashboard","main","Tue Dec 17 13:31:30 2024 -0700","Flavio Espinoza","Moved X update socials to /dashboard/api/x/verify-user"
"run-dashboard","main","Tue Dec 17 11:47:05 2024 -0700","Flavio Espinoza","Moved Discord verify and update to server api /dashboard/api/discord/verify-user."
"run-dashboard","main","Tue Dec 17 11:36:23 2024 -0700","Flavio Espinoza","Moved Discord verify and update to server api /dashboard/api/discord/verify-user."
"run-dashboard","main","Tue Dec 17 11:21:56 2024 -0700","Flavio Espinoza","Moved Discord verify and update to server api /dashboard/api/discord/verify-user."
"run-dashboard","main","Tue Dec 17 09:31:22 2024 -0700","Flavio Espinoza","Removed user email"
"run-dashboard","main","Tue Dec 17 09:17:10 2024 -0700","Flavio Espinoza","Ã„dded 8000ms duration to toast. Added error handleing for referralData and socialData."
"run-dashboard","main","Tue Dec 17 08:58:53 2024 -0700","Flavio Espinoza","Removals based on Udit PR#11 comments."
"run-dashboard","main","Tue Dec 17 08:05:52 2024 -0700","Flavio Espinoza","Removals based on Udit PR#11 comments."
"run-dashboard","main","Tue Dec 17 06:24:20 2024 -0700","Flavio Espinoza","Fix breaking change."
"run-dashboard","main","Fri Dec 13 11:56:20 2024 -0700","Flavio Espinoza","Email added to avatar dropdown menu."
"run-dashboard","main","Fri Dec 13 11:54:47 2024 -0700","Flavio Espinoza","Email added to avatar dropdown menu."
"run-dashboard","main","Fri Dec 13 11:46:37 2024 -0700","Flavio Espinoza","Email added to avatar dropdown menu."
"run-dashboard","main","Fri Dec 13 11:46:14 2024 -0700","Flavio Espinoza","Email added to avatar dropdown menu."
"run-dashboard","main","Fri Dec 13 10:08:34 2024 -0700","Flavio Espinoza","Social username added to done badge on achievements complete."
"run-dashboard","main","Fri Dec 13 05:03:39 2024 -0700","Flavio Espinoza","Social verify added."
"run-dashboard","main","Fri Dec 13 04:59:12 2024 -0700","Flavio Espinoza","Social verify added."
"run-dashboard","main","Fri Dec 13 00:05:33 2024 -0700","Flavio Espinoza","missing_radix"
"run-dashboard","main","Tue Dec 10 18:20:52 2024 -0700","Flavio Espinoza","x-api-key added"
"run-dashboard","main","Tue Dec 10 18:06:23 2024 -0700","Flavio Espinoza","x-api-key added"
"run-dashboard","main","Tue Dec 10 17:28:05 2024 -0700","Flavio Espinoza","Merge remote-tracking branch 'origin/main' into feature/das-3-feat-discord-connection-achievement"
"run-dashboard","main","Tue Dec 10 17:25:21 2024 -0700","Flavio Espinoza","x-api-key added"
"run-dashboard","main","Mon Dec 9 15:35:31 2024 -0700","Flavio Espinoza","Added Bless X envars."
"run-dashboard","main","Mon Dec 9 14:41:22 2024 -0700","Flavio Espinoza","Moved add user to discord guild to verify-user api."
"run-dashboard","main","Mon Dec 9 12:49:01 2024 -0700","Flavio Espinoza","removed_env"
"run-dashboard","main","Sun Dec 8 15:14:14 2024 -0700","Flavio Espinoza","cleanup"
"run-dashboard","main","Sun Dec 8 15:05:17 2024 -0700","Flavio Espinoza","cleanup"
"run-dashboard","main","Sun Dec 8 15:04:48 2024 -0700","Flavio Espinoza","cleanup"
"run-dashboard","main","Sun Dec 8 15:04:21 2024 -0700","Flavio Espinoza","cleanup"
"run-dashboard","main","Sun Dec 8 15:04:05 2024 -0700","Flavio Espinoza","cleanup"
"run-dashboard","main","Sun Dec 8 14:57:37 2024 -0700","Flavio Espinoza","X connect Bless OAuth2 complete."
"run-dashboard","main","Fri Dec 6 15:04:44 2024 -0700","Flavio Espinoza","X connect Bless OAuth2 working."
"run-dashboard","main","Thu Dec 5 13:13:34 2024 -0700","Flavio Espinoza","urls for discord"
"run-dashboard","main","Thu Dec 5 12:14:14 2024 -0700","Flavio Espinoza","updateSocials test successfull."
"run-dashboard","main","Tue Dec 3 14:13:03 2024 -0700","Flavio Espinoza","getUserSocials"
"run-dashboard","main","Tue Dec 3 13:47:11 2024 -0700","Flavio Espinoza","getUserSocials working on localhost gateway server"
"run-dashboard","main","Mon Dec 2 15:27:50 2024 -0700","Flavio Espinoza","X OAuth2 access_token granted with X authClient."
"run-dashboard","main","Mon Dec 2 12:00:34 2024 -0700","Flavio Espinoza","Active Node done"
"run-dashboard","main","Mon Dec 2 09:01:45 2024 -0700","Flavio Espinoza","Added notes.md to ignore."
"run-dashboard","main","Mon Dec 2 06:49:46 2024 -0700","Flavio Espinoza","api join-guild changed from axios to fetch"
"run-dashboard","main","Sun Dec 1 18:38:04 2024 -0700","Flavio Espinoza","api routes discord/verify-user and discord/join-guild."
"run-dashboard","main","Sun Dec 1 12:59:40 2024 -0700","Flavio Espinoza","Active Node done"
"run-dashboard","main","Wed Nov 27 12:51:34 2024 -0700","Flavio Espinoza","Enabled X Follow button."
"run-dashboard","main","Wed Nov 27 10:09:28 2024 -0700","Flavio Espinoza","First round of UI updates done for /dashboard."
"run-dashboard","main","Wed Nov 27 09:15:30 2024 -0700","Flavio Espinoza","Active Node done"
"run-dashboard","main","Tue Nov 26 10:24:54 2024 -0700","Flavio Espinoza","CpuMemoryContext moved to lib."
"run-dashboard","main","Tue Nov 26 10:14:34 2024 -0700","Flavio Espinoza","CPU and Memory usage charts and percentages."
"run-dashboard","main","Tue Nov 26 10:09:50 2024 -0700","Flavio Espinoza","CPU and Memory usage charts and percentages."
"run-dashboard","main","Tue Nov 26 09:30:22 2024 -0700","Flavio Espinoza","CPU and Memory Usage radial bar charts."
"run-dashboard","main","Tue Nov 26 08:22:33 2024 -0700","Flavio Espinoza","CPU and Memory Usage values."
"run-dashboard","main","Tue Nov 26 07:14:23 2024 -0700","Flavio Espinoza","Text size for total time if for example it is: 333d 23h 59m"
"run-dashboard","main","Tue Nov 26 07:09:05 2024 -0700","Flavio Espinoza","Working on add discord user to Bless server."
"run-dashboard","main","Mon Nov 25 14:03:20 2024 -0700","Flavio Espinoza","Discord connect button."
"run-dashboard","main","Mon Nov 25 10:21:27 2024 -0700","Flavio Espinoza","Referrals section"
"run-dashboard","main","Thu Nov 21 10:58:40 2024 -0700","Flavio Espinoza","Animation, total time, and your uptime."
"run-dashboard","main","Thu Nov 21 05:53:20 2024 -0700","Flavio Espinoza","Flex layout for new dashboard ui."
"run-dashboard","main","Wed Nov 20 18:53:10 2024 -0700","Flavio Espinoza","styling"
"run-dashboard","main","Wed Nov 20 18:40:15 2024 -0700","Flavio Espinoza","Grid layout for new dashboard."
"run-dashboard","main","Tue Nov 19 15:29:57 2024 -0700","Flavio Espinoza","merged_main"
"run-dashboard","main","Tue Nov 19 15:28:46 2024 -0700","Flavio Espinoza","Tailwind config"
"run-dashboard","main","Tue Nov 19 09:42:51 2024 -0700","Flavio Espinoza","Tailwind config and Card component."
"run-dashboard","main","Tue Nov 5 08:15:45 2024 -0700","Flavio Espinoza","Fixed display name issue."
"run-dashboard","main","Thu Oct 31 09:55:52 2024 -0600","Flavio Espinoza","Formatting."
"run-dashboard","main","Thu Oct 31 09:45:35 2024 -0600","Flavio Espinoza","merged_main"
"run-dashboard","main","Thu Oct 24 11:54:33 2024 -0600","Flavio Espinoza","fixed useToast from path"
"run-dashboard","main","Thu Oct 24 11:51:42 2024 -0600","Flavio Espinoza","Created new hook use-copy-to-clipboard."
"run-dashboard","main","Thu Oct 24 11:49:21 2024 -0600","Flavio Espinoza","Created new hook use-copy-to-clipboard."
"run-dashboard","main","Thu Oct 24 10:01:57 2024 -0600","Flavio Espinoza","Removed console.log from nodes-table."
"run-dashboard","main","Thu Oct 24 09:35:34 2024 -0600","Flavio Espinoza","Changed Tooltip component to use React.forwardRef to match other ui components."
"run-dashboard","main","Thu Oct 24 08:25:46 2024 -0600","Flavio Espinoza","Current account and public key done. Private key download setup. Need api endpoint. Change account setup. Need clarification."
"run-dashboard","main","Thu Oct 24 06:57:57 2024 -0600","Flavio Espinoza","merged_main"
"run-dashboard","main","Wed Oct 23 14:27:27 2024 -0600","Flavio Espinoza","Fist pass at settings page."
"run-dashboard","main","Wed Oct 23 12:14:00 2024 -0600","Flavio Espinoza","Enabled Settings link in dropdown."
"salsa-ui","main","Mon Apr 7 06:35:39 2025 -0600","Flavio Espinoza","Merge pull request #6 from flavioespinoza/colors-colors-colors-colors"
"salsa-ui","main","Mon Apr 7 06:29:43 2025 -0600","flavioespinoza","1.0.50"
"salsa-ui","main","Mon Apr 7 06:29:12 2025 -0600","flavioespinoza","clean"
"salsa-ui","main","Mon Apr 7 06:28:40 2025 -0600","flavioespinoza","fix: colors"
"salsa-ui","main","Sun Apr 6 12:05:38 2025 -0600","flavioespinoza","1.0.49"
"salsa-ui","main","Sun Apr 6 12:05:09 2025 -0600","flavioespinoza","clean"
"salsa-ui","main","Sun Apr 6 12:04:49 2025 -0600","flavioespinoza","add: SalsaIcon"
"salsa-ui","main","Sun Apr 6 09:02:00 2025 -0600","flavioespinoza","1.0.48"
"salsa-ui","main","Sun Apr 6 09:00:58 2025 -0600","Flavio Espinoza","Merge pull request #5 from flavioespinoza/side-nav-fix"
"salsa-ui","main","Sun Apr 6 09:00:28 2025 -0600","flavioespinoza","fix: SideNav width"
"salsa-ui","main","Sun Apr 6 07:45:59 2025 -0600","flavioespinoza","1.0.47"
"salsa-ui","main","Sun Apr 6 07:45:38 2025 -0600","flavioespinoza","1.0.46"
"salsa-ui","main","Sun Apr 6 07:45:18 2025 -0600","flavioespinoza","fix: tsconfig"
"salsa-ui","main","Sun Apr 6 07:41:36 2025 -0600","flavioespinoza","revert"
"salsa-ui","main","Sun Apr 6 07:35:41 2025 -0600","flavioespinoza","fix: SideNav header"
"salsa-ui","main","Sun Apr 6 07:12:00 2025 -0600","flavioespinoza","1.0.45"
"salsa-ui","main","Sun Apr 6 07:11:34 2025 -0600","flavioespinoza","docs: SideNav"
"salsa-ui","main","Sun Apr 6 06:39:42 2025 -0600","flavioespinoza","clean"
"salsa-ui","main","Sun Apr 6 06:39:17 2025 -0600","flavioespinoza","side-nav styling"
"salsa-ui","main","Sun Apr 6 00:45:20 2025 -0600","flavioespinoza","update: Readme import @flavioespinoza/salsa-ui/dist/index.css"
"salsa-ui","main","Sun Apr 6 00:44:25 2025 -0600","flavioespinoza","update: Readme import @flavioespinoza/salsa-ui/dist/index.css"
"salsa-ui","main","Sat Apr 5 22:53:30 2025 -0600","flavioespinoza","fix: globals.css exports"
"salsa-ui","main","Sat Apr 5 22:46:20 2025 -0600","flavioespinoza","fix: globals.css exports"
"salsa-ui","main","Sat Apr 5 22:39:16 2025 -0600","flavioespinoza","docs: Side-Nav"
"salsa-ui","main","Sat Apr 5 22:25:40 2025 -0600","flavioespinoza","docs: Side-Nav"
"salsa-ui","main","Sat Apr 5 22:23:58 2025 -0600","flavioespinoza","docs: Side-Nav"
"salsa-ui","main","Sat Apr 5 22:21:56 2025 -0600","flavioespinoza","docs: useSideNavStore"
"salsa-ui","main","Sat Apr 5 22:21:40 2025 -0600","flavioespinoza","docs: useSideNavStore"
"salsa-ui","main","Sat Apr 5 22:15:48 2025 -0600","flavioespinoza","docs: useSideNavStore"
"salsa-ui","main","Sat Apr 5 22:15:22 2025 -0600","flavioespinoza","docs: useSideNavStore"
"salsa-ui","main","Sat Apr 5 21:54:59 2025 -0600","flavioespinoza","docs: Card"
"salsa-ui","main","Sat Apr 5 21:50:45 2025 -0600","flavioespinoza","docs: Textarea"
"salsa-ui","main","Sat Apr 5 21:42:38 2025 -0600","flavioespinoza","docs: Side-Nav"
"salsa-ui","main","Sat Apr 5 21:37:36 2025 -0600","flavioespinoza","docs: Card"
"salsa-ui","main","Sat Apr 5 21:28:43 2025 -0600","flavioespinoza","docs: Card-Section"
"salsa-ui","main","Sat Apr 5 21:20:32 2025 -0600","flavioespinoza","docs: Icons"
"salsa-ui","main","Sat Apr 5 21:15:12 2025 -0600","flavioespinoza","docs: Input"
"salsa-ui","main","Sat Apr 5 21:08:20 2025 -0600","flavioespinoza","1.0.44"
"salsa-ui","main","Sat Apr 5 21:08:03 2025 -0600","flavioespinoza","clean"
"salsa-ui","main","Sat Apr 5 21:07:47 2025 -0600","flavioespinoza","docs: Checkbox and Button docs. refactor: Input component."
"salsa-ui","main","Sat Apr 5 11:59:48 2025 -0600","flavioespinoza","1.0.43"
"salsa-ui","main","Sat Apr 5 11:59:33 2025 -0600","flavioespinoza","1.0.42"
"salsa-ui","main","Sat Apr 5 11:59:11 2025 -0600","flavioespinoza","updated: publish script"
"salsa-ui","main","Sat Apr 5 11:58:17 2025 -0600","flavioespinoza","fix: checkbox colors"
"salsa-ui","main","Sat Apr 5 11:15:12 2025 -0600","flavioespinoza","1.0.41"
"salsa-ui","main","Sat Apr 5 11:14:33 2025 -0600","flavioespinoza","change: build script"
"salsa-ui","main","Sat Apr 5 11:13:00 2025 -0600","flavioespinoza","fix: globals.css exports"
"salsa-ui","main","Sat Apr 5 11:08:24 2025 -0600","flavioespinoza","1.0.40"
"salsa-ui","main","Sat Apr 5 11:07:47 2025 -0600","flavioespinoza","fix: colors"
"salsa-ui","main","Sat Apr 5 11:02:09 2025 -0600","flavioespinoza","1.0.39"
"salsa-ui","main","Sat Apr 5 11:01:08 2025 -0600","flavioespinoza","fix: added globals.css to the build"
"salsa-ui","main","Sat Apr 5 10:46:48 2025 -0600","flavioespinoza","1.0.38"
"salsa-ui","main","Sat Apr 5 10:46:25 2025 -0600","flavioespinoza","clean"
"salsa-ui","main","Sat Apr 5 10:46:05 2025 -0600","flavioespinoza","fix: globals.css added salsa colors"
"salsa-ui","main","Sat Apr 5 10:40:22 2025 -0600","flavioespinoza","1.0.37"
"salsa-ui","main","Sat Apr 5 10:39:38 2025 -0600","flavioespinoza","clean"
"salsa-ui","main","Sat Apr 5 10:39:21 2025 -0600","flavioespinoza","update: tailwind.config.ts with salsa colors"
"salsa-ui","main","Sat Apr 5 10:30:46 2025 -0600","flavioespinoza","1.0.36"
"salsa-ui","main","Sat Apr 5 10:30:31 2025 -0600","flavioespinoza","refactor: button.tsx"
"salsa-ui","main","Sat Apr 5 01:02:44 2025 -0600","flavioespinoza","1.0.35"
"salsa-ui","main","Sat Apr 5 01:02:34 2025 -0600","flavioespinoza","change: Textarea focus ring"
"salsa-ui","main","Sat Apr 5 00:40:47 2025 -0600","flavioespinoza","1.0.34"
"salsa-ui","main","Sat Apr 5 00:40:00 2025 -0600","flavioespinoza","docs: Checkbox"
"salsa-ui","main","Sat Apr 5 00:33:15 2025 -0600","flavioespinoza","1.0.33"
"salsa-ui","main","Sat Apr 5 00:33:06 2025 -0600","flavioespinoza","clean"
"salsa-ui","main","Sat Apr 5 00:32:24 2025 -0600","Flavio Espinoza","Merge pull request #4 from flavioespinoza/checkbox"
"salsa-ui","main","Sat Apr 5 00:32:07 2025 -0600","flavioespinoza","add: Checkbox"
"salsa-ui","main","Fri Apr 4 23:30:40 2025 -0600","flavioespinoza","1.0.32"
"salsa-ui","main","Fri Apr 4 23:30:18 2025 -0600","flavioespinoza","fix: Tailwind hsl var conflict"
"salsa-ui","main","Fri Apr 4 17:33:24 2025 -0600","flavioespinoza","1.0.31"
"salsa-ui","main","Fri Apr 4 17:33:15 2025 -0600","flavioespinoza","fix: Tooltip"
"salsa-ui","main","Fri Apr 4 17:32:01 2025 -0600","flavioespinoza","1.0.30"
"salsa-ui","main","Fri Apr 4 17:31:56 2025 -0600","flavioespinoza","docs"
"salsa-ui","main","Fri Apr 4 17:30:42 2025 -0600","flavioespinoza","1.0.29"
"salsa-ui","main","Fri Apr 4 17:30:33 2025 -0600","flavioespinoza","clean"
"salsa-ui","main","Fri Apr 4 17:30:21 2025 -0600","flavioespinoza","fix: Tooltip"
"salsa-ui","main","Fri Apr 4 17:23:51 2025 -0600","flavioespinoza","docs: Update Tooltip.md"
"salsa-ui","main","Fri Apr 4 17:20:24 2025 -0600","flavioespinoza","1.0.28"
"salsa-ui","main","Fri Apr 4 17:20:11 2025 -0600","flavioespinoza","fix: Tooltip export and structure"
"salsa-ui","main","Fri Apr 4 17:13:38 2025 -0600","flavioespinoza","1.0.27"
"salsa-ui","main","Fri Apr 4 17:12:35 2025 -0600","flavioespinoza","1.0.26"
"salsa-ui","main","Fri Apr 4 17:12:15 2025 -0600","flavioespinoza","1.0.25"
"salsa-ui","main","Fri Apr 4 17:12:09 2025 -0600","flavioespinoza","fix: Tooltip export"
"salsa-ui","main","Fri Apr 4 17:09:22 2025 -0600","flavioespinoza","1.0.24"
"salsa-ui","main","Fri Apr 4 17:09:18 2025 -0600","flavioespinoza","change: Added Tooltip removed Popover. Popover was not woking correctly."
"salsa-ui","main","Fri Apr 4 16:41:04 2025 -0600","flavioespinoza","1.0.23"
"salsa-ui","main","Fri Apr 4 16:40:59 2025 -0600","flavioespinoza","add: static variant to button. static has no classes."
"salsa-ui","main","Sun Mar 30 08:47:13 2025 -0600","flavioespinoza","1.0.22"
"salsa-ui","main","Sun Mar 30 08:46:59 2025 -0600","flavioespinoza","add: Textarea component"
"salsa-ui","main","Sun Mar 30 08:31:22 2025 -0600","flavioespinoza","1.0.21"
"salsa-ui","main","Sun Mar 30 08:31:10 2025 -0600","flavioespinoza","fix: Toast bg color"
"salsa-ui","main","Sun Mar 30 08:27:05 2025 -0600","flavioespinoza","1.0.20"
"salsa-ui","main","Sun Mar 30 08:19:59 2025 -0600","flavioespinoza","1.0.19"
"salsa-ui","main","Sun Mar 30 08:19:51 2025 -0600","flavioespinoza","fix: import CONTRIBUTING.md README.md components.json dist docs next-env.d.ts next.config.mjs node_modules package.json postcss.config.cjs public release.config.js salsa-ui-files-2025-03-30.txt salsa-ui-structure-2025-03-30.txt src tailwind.config.ts tsconfig.json yarn.lock as React from react for Toaster Provider"
"salsa-ui","main","Sun Mar 30 05:49:14 2025 -0600","flavioespinoza","1.0.18"
"salsa-ui","main","Sun Mar 30 05:48:24 2025 -0600","Flavio Espinoza","Merge pull request #3 from flavioespinoza/toast"
"salsa-ui","main","Sun Mar 30 05:47:17 2025 -0600","flavioespinoza","feat(ui): Implement responsive SideNav component"
"salsa-ui","main","Sun Mar 30 04:36:23 2025 -0600","flavioespinoza","1.0.17"
"salsa-ui","main","Sun Mar 30 04:36:16 2025 -0600","flavioespinoza","fix: FluidButton export"
"salsa-ui","main","Sun Mar 30 04:31:05 2025 -0600","flavioespinoza","1.0.16"
"salsa-ui","main","Sun Mar 30 04:30:49 2025 -0600","flavioespinoza","fix: FluidButton component exported properly."
"salsa-ui","main","Sun Mar 30 04:12:59 2025 -0600","flavioespinoza","1.0.15"
"salsa-ui","main","Sun Mar 30 04:12:37 2025 -0600","Flavio Espinoza","Merge pull request #2 from flavioespinoza/button-fluid"
"salsa-ui","main","Sun Mar 30 04:11:45 2025 -0600","flavioespinoza","feat: ButtonFluid component added + docs"
"salsa-ui","main","Sun Mar 30 00:59:47 2025 -0600","flavioespinoza","update: NPM scripts"
"salsa-ui","main","Wed Mar 26 15:34:23 2025 -0600","flavioespinoza","1.0.14"
"salsa-ui","main","Wed Mar 26 15:34:19 2025 -0600","flavioespinoza","fix: Button variants and size"
"salsa-ui","main","Wed Mar 26 15:22:27 2025 -0600","flavioespinoza","1.0.13"
"salsa-ui","main","Wed Mar 26 15:22:22 2025 -0600","flavioespinoza","update: Readme"
"salsa-ui","main","Wed Mar 26 15:17:10 2025 -0600","flavioespinoza","1.0.12"
"salsa-ui","main","Wed Mar 26 15:17:05 2025 -0600","flavioespinoza","update: Readme"
"salsa-ui","main","Wed Mar 26 15:13:29 2025 -0600","flavioespinoza","1.0.11"
"salsa-ui","main","Wed Mar 26 15:13:22 2025 -0600","flavioespinoza","update: Readme"
"salsa-ui","main","Wed Mar 26 15:11:29 2025 -0600","flavioespinoza","1.0.10"
"salsa-ui","main","Wed Mar 26 15:11:24 2025 -0600","flavioespinoza","update: Readme"
"salsa-ui","main","Wed Mar 26 15:08:28 2025 -0600","flavioespinoza","removed: .github workflows"
"salsa-ui","main","Wed Mar 26 15:06:59 2025 -0600","flavioespinoza","1.0.9"
"salsa-ui","main","Wed Mar 26 15:06:51 2025 -0600","flavioespinoza","update: Readme"
"salsa-ui","main","Wed Mar 26 14:58:37 2025 -0600","flavioespinoza","remove: Workflow deploy-docs.yml redundant"
"salsa-ui","main","Wed Mar 26 14:56:44 2025 -0600","flavioespinoza","chore: fix NPM_TOKEN error"
"salsa-ui","main","Wed Mar 26 14:53:29 2025 -0600","flavioespinoza","fix: Docs removed"
"salsa-ui","main","Wed Mar 26 14:50:45 2025 -0600","flavioespinoza","fix: Docs .md"
"salsa-ui","main","Wed Mar 26 14:47:46 2025 -0600","flavioespinoza","chore: retry release after setting NPM_TOKEN"
"salsa-ui","main","Wed Mar 26 14:41:11 2025 -0600","flavioespinoza","feat: initial release automation setup"
"salsa-ui","main","Wed Mar 26 14:38:58 2025 -0600","Flavio Espinoza","Merge pull request #1 from flavioespinoza/chore/setup-release-automation"
"salsa-ui","main","Wed Mar 26 14:36:48 2025 -0600","flavioespinoza","chore(ci): set up semantic release and GitHub publishing"
"salsa-ui","main","Wed Mar 26 14:10:58 2025 -0600","flavioespinoza","Update next.config.mjs to include styled-components and SWC transforms configuration."
"salsa-ui","main","Wed Mar 26 14:06:46 2025 -0600","flavioespinoza","add: Github actions"
"salsa-ui","main","Wed Mar 26 14:04:00 2025 -0600","flavioespinoza","docs"
"salsa-ui","main","Wed Mar 26 14:01:16 2025 -0600","flavioespinoza","first commit"
"salsa-ui","main","Wed Mar 26 13:46:52 2025 -0600","flavioespinoza","reset: Reset"
"salsa-ui","main","Wed Mar 26 12:14:25 2025 -0600","flavioespinoza","fix: Restored NPM packages"
"salsa-ui","main","Wed Mar 26 12:01:57 2025 -0600","flavioespinoza","add: Yarn lock file"
"side-nav","button-colors","Sat Apr 5 09:45:00 2025 -0600","flavioespinoza","first commit"
"web-console","main","Tue Mar 4 07:39:48 2025 -0700","Flavio Espinoza","Merge pull request #493 from blocklessnetwork/snyk-fix-b90b0c329b7e719a892705901e8ed64e"
"web-console","main","Tue Jan 7 12:08:50 2025 -0700","Flavio Espinoza","Changed all string instances of Blockless to Bless. (#484)"
